word,colour,stim_condition,correct_response,thisN,thisTrialN,thisRepN,key_resp.keys,key_resp.corr,key_resp.rt,key_resp.duration,trials.thisRepN,trials.thisTrialN,trials.thisN,trials.thisIndex,thisRow.t,notes,piloting,Instructions_.started,text_2.started,Instructions_.stopped,trial.started,Fixation.started,Fixation.stopped,text.started,key_resp.started,trial.stopped,trials.key_resp.keys,trials.key_resp.corr,trials.key_resp.rt,trials.key_resp.duration,Thanks.started,text_3.started,text_3.stopped,Thanks.stopped,participant,session,date,expName,expVersion,psychopyVersion,frameRate,expStart,
,,,,,,,,,,,,,,,,,False,0.025672416666566278,0.04267245833398192,1.0100660000007338,,,,,,,,,,,,,,,1,001,2026-08-31_18h27.56.714,Stroop task,,2026.2.3,60.218623713356244,2026-08-31 18h27.56.769342 +0530,
BLUE,blue,C,b,0,0,0,b,1,0.4931344166661802,None,0,0,0,3,1.0263442916666463,,,,,,1.0186451250001483,1.0263442916666463,1.5097503750002943,1.5097503750002943,1.5097503750002943,2.0178813333332073,b,1,0.4931344166661802,None,,,,,1,001,2026-08-31_18h27.56.714,Stroop task,,2026.2.3,60.218623713356244,2026-08-31 18h27.56.769342 +0530,
BLUE,red,I,r,1,1,0,r,1,0.4471845416665019,None,0,1,1,2,2.0267736666673954,,,,,,2.0180036666670276,2.0267736666673954,2.5268173333333834,2.5268173333333834,2.5268173333333834,2.9765746666671475,r,1,0.4471845416665019,None,,,,,1,001,2026-08-31_18h27.56.714,Stroop task,,2026.2.3,60.218623713356244,2026-08-31 18h27.56.769342 +0530,
RED,blue,I,b,2,2,0,r,0,0.5043279166666252,None,0,2,2,1,2.992372499999874,,,,,,2.977397166667288,2.992372499999874,3.492517375000716,3.492517375000716,3.492517375000716,4.009575208333445,r,0,0.5043279166666252,None,,,,,1,001,2026-08-31_18h27.56.714,Stroop task,,2026.2.3,60.218623713356244,2026-08-31 18h27.56.769342 +0530,
RED,red,C,r,3,3,0,r,1,1.1229756249995262,None,0,3,3,0,4.026460541666893,,,,,,4.009727041667247,4.026460541666893,4.5098352916666045,4.5098352916666045,4.5098352916666045,5.642750041666659,r,1,1.1229756249995262,None,,,,,1,001,2026-08-31_18h27.56.714,Stroop task,,2026.2.3,60.218623713356244,2026-08-31 18h27.56.769342 +0530,
RED,blue,I,b,4,0,1,b,1,1.5666009166670847,None,1,0,4,1,5.65922750000027,,,,,,5.642865333333248,5.65922750000027,6.143202916667178,6.143202916667178,6.143202916667178,7.725965375000669,b,1,1.5666009166670847,None,,,,,1,001,2026-08-31_18h27.56.714,Stroop task,,2026.2.3,60.218623713356244,2026-08-31 18h27.56.769342 +0530,
RED,red,C,r,5,1,1,r,1,0.3859965000001466,None,1,1,5,0,7.742321583333251,,,,,,7.726063875000364,7.742321583333251,8.225713124999857,8.225713124999857,8.225713124999857,8.625957000000199,r,1,0.3859965000001466,None,,,,,1,001,2026-08-31_18h27.56.714,Stroop task,,2026.2.3,60.218623713356244,2026-08-31 18h27.56.769342 +0530,
BLUE,blue,C,b,6,2,1,b,1,0.36891237500003626,None,1,2,6,3,8.642435833333366,,,,,,8.626462625000386,8.642435833333366,9.125747125000089,9.125747125000089,9.125747125000089,9.509244541666703,b,1,0.36891237500003626,None,,,,,1,001,2026-08-31_18h27.56.714,Stroop task,,2026.2.3,60.218623713356244,2026-08-31 18h27.56.769342 +0530,
BLUE,red,I,r,7,3,1,r,1,0.6868134583337451,None,1,3,7,2,9.525712291667332,,,,,,9.509331333333648,9.525712291667332,10.009840166667345,10.009840166667345,10.009840166667345,10.709508666666807,r,1,0.6868134583337451,None,,,,,1,001,2026-08-31_18h27.56.714,Stroop task,,2026.2.3,60.218623713356244,2026-08-31 18h27.56.769342 +0530,
BLUE,blue,C,b,8,0,2,b,1,0.3627713750001931,None,2,0,8,3,10.726491250000436,,,,,,10.709594625000136,10.726491250000436,11.209849374999976,11.209849374999976,11.209849374999976,11.575967958333422,b,1,0.3627713750001931,None,,,,,1,001,2026-08-31_18h27.56.714,Stroop task,,2026.2.3,60.218623713356244,2026-08-31 18h27.56.769342 +0530,
RED,red,C,r,9,1,2,r,1,0.3990257916666451,None,2,1,9,0,11.592480458333739,,,,,,11.576385791667235,11.592480458333739,12.075659833333702,12.075659833333702,12.075659833333702,12.476839625000139,r,1,0.3990257916666451,None,,,,,1,001,2026-08-31_18h27.56.714,Stroop task,,2026.2.3,60.218623713356244,2026-08-31 18h27.56.769342 +0530,
RED,blue,I,b,10,2,2,b,1,0.47022908333292435,None,2,2,10,1,12.492328666667163,,,,,,12.476922541666681,12.492328666667163,12.992334166667206,12.992334166667206,12.992334166667206,13.475857625000572,b,1,0.47022908333292435,None,,,,,1,001,2026-08-31_18h27.56.714,Stroop task,,2026.2.3,60.218623713356244,2026-08-31 18h27.56.769342 +0530,
BLUE,red,I,r,11,3,2,r,1,0.3815378333338231,None,2,3,11,2,13.493128083333431,,,,,,13.476287666667304,13.493128083333431,13.976105291667409,13.976105291667409,13.976105291667409,14.359877916666846,r,1,0.3815378333338231,None,,,,,1,001,2026-08-31_18h27.56.714,Stroop task,,2026.2.3,60.218623713356244,2026-08-31 18h27.56.769342 +0530,
BLUE,blue,C,b,12,0,3,b,1,0.6538848333329952,None,3,0,12,3,14.375590500000726,,,,,,14.359953708333705,14.375590500000726,14.859617583333602,14.859617583333602,14.859617583333602,15.52670445833337,b,1,0.6538848333329952,None,,,,,1,001,2026-08-31_18h27.56.714,Stroop task,,2026.2.3,60.218623713356244,2026-08-31 18h27.56.769342 +0530,
RED,red,C,r,13,1,3,r,1,0.4267866249992949,None,3,1,13,0,15.542291833333366,,,,,,15.527128791666655,15.542291833333366,16.025697583333567,16.025697583333567,16.025697583333567,16.45924341666705,r,1,0.4267866249992949,None,,,,,1,001,2026-08-31_18h27.56.714,Stroop task,,2026.2.3,60.218623713356244,2026-08-31 18h27.56.769342 +0530,
RED,blue,I,b,14,2,3,b,1,0.4259275833328502,None,3,2,14,1,16.475818958333548,,,,,,16.45934070833391,16.475818958333548,16.959545458333196,16.959545458333196,16.959545458333196,17.392609999999877,b,1,0.4259275833328502,None,,,,,1,001,2026-08-31_18h27.56.714,Stroop task,,2026.2.3,60.218623713356244,2026-08-31 18h27.56.769342 +0530,
BLUE,red,I,r,15,3,3,r,1,0.5781452083328986,None,3,3,15,2,17.4096644166666,,,,,,17.393023749999884,17.4096644166666,17.892271208334023,17.892271208334023,17.892271208334023,18.475382916666604,r,1,0.5781452083328986,None,,,,,1,001,2026-08-31_18h27.56.714,Stroop task,,2026.2.3,60.218623713356244,2026-08-31 18h27.56.769342 +0530,
RED,red,C,r,16,0,4,r,1,0.5078895416672822,None,4,0,16,0,18.49238995833366,,,,,,18.47574691666705,18.49238995833366,18.976493958333776,18.976493958333776,18.976493958333776,19.492576208333958,r,1,0.5078895416672822,None,,,,,1,001,2026-08-31_18h27.56.714,Stroop task,,2026.2.3,60.218623713356244,2026-08-31 18h27.56.769342 +0530,
BLUE,red,I,r,17,1,4,r,1,0.40302404166595807,None,4,1,17,2,19.509037041667398,,,,,,19.492971291667345,19.509037041667398,19.992324000000735,19.992324000000735,19.992324000000735,20.410042125000473,r,1,0.40302404166595807,None,,,,,1,001,2026-08-31_18h27.56.714,Stroop task,,2026.2.3,60.218623713356244,2026-08-31 18h27.56.769342 +0530,
BLUE,blue,C,b,18,2,4,b,1,0.38850420833296084,None,4,2,18,3,20.426320458333976,,,,,,20.410121208333294,20.426320458333976,20.909824291667064,20.909824291667064,20.909824291667064,21.309910083333307,b,1,0.38850420833296084,None,,,,,1,001,2026-08-31_18h27.56.714,Stroop task,,2026.2.3,60.218623713356244,2026-08-31 18h27.56.769342 +0530,
RED,blue,I,b,19,3,4,b,1,0.3708114999999452,None,4,3,19,1,21.32627329166735,,,,,,21.310384666667233,21.32627329166735,21.80948941666702,21.80948941666702,21.80948941666702,22.19248612499996,b,1,0.3708114999999452,None,,,,,1,001,2026-08-31_18h27.56.714,Stroop task,,2026.2.3,60.218623713356244,2026-08-31 18h27.56.769342 +0530,
RED,red,C,r,20,0,5,r,1,0.3843390416668626,None,5,0,20,0,22.209529541666598,,,,,,22.192569708333394,22.209529541666598,22.692918583333267,22.692918583333267,22.692918583333267,23.092305041666805,r,1,0.3843390416668626,None,,,,,1,001,2026-08-31_18h27.56.714,Stroop task,,2026.2.3,60.218623713356244,2026-08-31 18h27.56.769342 +0530,
BLUE,blue,C,b,21,1,5,b,1,0.5561238333330039,None,5,1,21,3,23.10896216666697,,,,,,23.092702291666683,23.10896216666697,23.593112000000474,23.593112000000474,23.593112000000474,24.159234250000736,b,1,0.5561238333330039,None,,,,,1,001,2026-08-31_18h27.56.714,Stroop task,,2026.2.3,60.218623713356244,2026-08-31 18h27.56.769342 +0530,
RED,blue,I,b,22,2,5,b,1,0.7226224583328076,None,5,2,22,1,24.176437750000332,,,,,,24.15960995833393,24.176437750000332,24.659755333334033,24.659755333334033,24.659755333334033,25.392576250000275,b,1,0.7226224583328076,None,,,,,1,001,2026-08-31_18h27.56.714,Stroop task,,2026.2.3,60.218623713356244,2026-08-31 18h27.56.769342 +0530,
BLUE,red,I,r,23,3,5,r,1,0.4629625416664567,None,5,3,23,2,25.409591999999975,,,,,,25.392966166667065,25.409591999999975,25.89222454166702,25.89222454166702,25.89222454166702,26.359785500000726,r,1,0.4629625416664567,None,,,,,1,001,2026-08-31_18h27.56.714,Stroop task,,2026.2.3,60.218623713356244,2026-08-31 18h27.56.769342 +0530,
BLUE,red,I,r,24,0,6,r,1,0.520560583333463,None,6,0,24,2,26.375663083334075,,,,,,26.35986312500063,26.375663083334075,26.859590958333683,26.859590958333683,26.859590958333683,27.392509500000415,r,1,0.520560583333463,None,,,,,1,001,2026-08-31_18h27.56.714,Stroop task,,2026.2.3,60.218623713356244,2026-08-31 18h27.56.769342 +0530,
RED,blue,I,b,25,1,6,b,1,0.42916329166655487,None,6,1,25,1,27.409502791667364,,,,,,27.392906291666804,27.409502791667364,27.89295412499996,27.89295412499996,27.89295412499996,28.32573612500073,b,1,0.42916329166655487,None,,,,,1,001,2026-08-31_18h27.56.714,Stroop task,,2026.2.3,60.218623713356244,2026-08-31 18h27.56.769342 +0530,
RED,red,C,r,26,2,6,r,1,0.6406922083333484,None,6,2,26,0,28.34243787500054,,,,,,28.3258140416674,28.34243787500054,28.82641062499988,28.82641062499988,28.82641062499988,29.476293041667304,r,1,0.6406922083333484,None,,,,,1,001,2026-08-31_18h27.56.714,Stroop task,,2026.2.3,60.218623713356244,2026-08-31 18h27.56.769342 +0530,
BLUE,blue,C,b,27,3,6,b,1,0.37882479166637495,None,6,3,27,3,29.49292508333383,,,,,,29.47666550000031,29.49292508333383,29.976232125000024,29.976232125000024,29.976232125000024,30.358947541666566,b,1,0.37882479166637495,None,,,,,1,001,2026-08-31_18h27.56.714,Stroop task,,2026.2.3,60.218623713356244,2026-08-31 18h27.56.769342 +0530,
BLUE,red,I,r,28,0,7,r,1,0.396598791667202,None,7,0,28,2,30.37560300000041,,,,,,30.359023416666787,30.37560300000041,30.85942362500009,30.85942362500009,30.85942362500009,31.259796458333767,r,1,0.396598791667202,None,,,,,1,001,2026-08-31_18h27.56.714,Stroop task,,2026.2.3,60.218623713356244,2026-08-31 18h27.56.769342 +0530,
RED,red,C,r,29,1,7,r,1,0.35242237499915063,None,7,1,29,0,31.275455458333454,,,,,,31.26015066666696,31.275455458333454,31.759570958333825,31.759570958333825,31.759570958333825,32.12580166666703,r,1,0.35242237499915063,None,,,,,1,001,2026-08-31_18h27.56.714,Stroop task,,2026.2.3,60.218623713356244,2026-08-31 18h27.56.769342 +0530,
RED,blue,I,b,30,2,7,b,1,0.3796438750005109,None,7,2,30,1,32.14227100000062,,,,,,32.1258795833337,32.14227100000062,32.626332333333266,32.626332333333266,32.626332333333266,33.009609083334,b,1,0.3796438750005109,None,,,,,1,001,2026-08-31_18h27.56.714,Stroop task,,2026.2.3,60.218623713356244,2026-08-31 18h27.56.769342 +0530,
BLUE,blue,C,b,31,3,7,r,0,0.4184340000001612,None,7,3,31,3,33.02558458333351,,,,,,33.00996766666685,33.02558458333351,33.50949383333318,33.50949383333318,33.50949383333318,33.942420708333884,r,0,0.4184340000001612,None,,,,,1,001,2026-08-31_18h27.56.714,Stroop task,,2026.2.3,60.218623713356244,2026-08-31 18h27.56.769342 +0530,
BLUE,blue,C,b,32,0,8,b,1,0.7779112083326254,None,8,0,32,3,33.95948762500029,,,,,,33.94250012500015,33.95948762500029,34.44299033333391,34.44299033333391,34.44299033333391,35.2261571250001,b,1,0.7779112083326254,None,,,,,1,001,2026-08-31_18h27.56.714,Stroop task,,2026.2.3,60.218623713356244,2026-08-31 18h27.56.769342 +0530,
RED,blue,I,b,33,1,8,b,1,0.43962670833298034,None,8,1,33,1,35.242467625000245,,,,,,35.226522250000016,35.242467625000245,35.726237500000025,35.726237500000025,35.726237500000025,36.17562995833396,b,1,0.43962670833298034,None,,,,,1,001,2026-08-31_18h27.56.714,Stroop task,,2026.2.3,60.218623713356244,2026-08-31 18h27.56.769342 +0530,
RED,red,C,r,34,2,8,r,1,0.3923647916662958,None,8,2,34,0,36.19285641666738,,,,,,36.17572587500035,36.19285641666738,36.676471000000674,36.676471000000674,36.676471000000674,37.07634883333321,r,1,0.3923647916662958,None,,,,,1,001,2026-08-31_18h27.56.714,Stroop task,,2026.2.3,60.218623713356244,2026-08-31 18h27.56.769342 +0530,
BLUE,red,I,r,35,3,8,r,1,0.6095307083332955,None,8,3,35,2,37.092833250000695,,,,,,37.076756833334,37.092833250000695,37.57647666666708,37.57647666666708,37.57647666666708,38.193242708333855,r,1,0.6095307083332955,None,,,,,1,001,2026-08-31_18h27.56.714,Stroop task,,2026.2.3,60.218623713356244,2026-08-31 18h27.56.769342 +0530,
RED,blue,I,b,36,0,9,b,1,0.3860098333325368,None,9,0,36,1,38.20940883333333,,,,,,38.19362091666699,38.20940883333333,38.69276370833359,38.69276370833359,38.69276370833359,39.09225987500031,b,1,0.3860098333325368,None,,,,,1,001,2026-08-31_18h27.56.714,Stroop task,,2026.2.3,60.218623713356244,2026-08-31 18h27.56.769342 +0530,
RED,red,C,r,37,1,9,r,1,0.41479699999945296,None,9,1,37,0,39.10930816666678,,,,,,39.09234066666704,39.10930816666678,39.59304733333374,39.59304733333374,39.59304733333374,40.00981537500047,r,1,0.41479699999945296,None,,,,,1,001,2026-08-31_18h27.56.714,Stroop task,,2026.2.3,60.218623713356244,2026-08-31 18h27.56.769342 +0530,
BLUE,blue,C,b,38,2,9,b,1,0.3691944166666872,None,9,2,38,3,40.02541941666732,,,,,,40.01025583333376,40.02541941666732,40.50951925000027,40.50951925000027,40.50951925000027,40.89249970833407,b,1,0.3691944166666872,None,,,,,1,001,2026-08-31_18h27.56.714,Stroop task,,2026.2.3,60.218623713356244,2026-08-31 18h27.56.769342 +0530,
BLUE,red,I,r,39,3,9,r,1,0.8650556249995134,None,9,3,39,2,40.90953716666718,,,,,,40.8925775000007,40.90953716666718,41.3927269583337,41.3927269583337,41.3927269583337,42.25968458333318,r,1,0.8650556249995134,None,,,,,1,001,2026-08-31_18h27.56.714,Stroop task,,2026.2.3,60.218623713356244,2026-08-31 18h27.56.769342 +0530,
,,,,,,,,,,,,,,,,,,,,,,,,,,,,,,,42.2597052083338,42.27527158333396,43.27598170833335,43.259560250000504,1,001,2026-08-31_18h27.56.714,Stroop task,,2026.2.3,60.218623713356244,2026-08-31 18h27.56.769342 +0530,
