thisN,thisTrialN,thisRepN,tilt,key_resp.keys,key_resp.corr,key_resp.rt,key_resp.duration,trials.thisRepN,trials.thisTrialN,trials.thisN,trials.thisIndex,thisRow.t,notes,piloting,trial.started,fixation.started,fixation.stopped,key_resp.started,trial.stopped,trials.tilt,trials.key_resp.keys,trials.key_resp.corr,trials.key_resp.rt,trials.key_resp.duration,participant,session,date,expName,expVersion,psychopyVersion,frameRate,expStart
0,0,0,-1,up,0,1.23253296,None,0,0,0,0,0.03635875,,FALSE,0.02012329,0.03635875,1.003004,1.003004,2.24379717,-1,up,0,1.23253296,None,Participant 1,1,2026-09-10_14h28.39.655,orient_discrimination,,2026.2.3,60.055326,2026-09-10 14h28.39.679573 +0530
1,0,1,0,up,1,0.47724825,None,1,0,1,0,2.26962292,,,2.24385683,2.26962292,3.25286458,3.25286458,3.73745763,0,up,1,0.47724825,None,Participant 1,1,2026-09-10_14h28.39.655,orient_discrimination,,2026.2.3,60.055326,2026-09-10 14h28.39.679573 +0530
2,0,2,0,up,1,0.36191258,None,2,0,2,0,3.75275446,,,3.73751229,3.75275446,4.73615538,4.73615538,5.10286017,0,up,1,0.36191258,None,Participant 1,1,2026-09-10_14h28.39.655,orient_discrimination,,2026.2.3,60.055326,2026-09-10 14h28.39.679573 +0530
3,0,3,0,up,1,0.291242,None,3,0,3,0,5.12022092,,,5.10291362,5.12022092,6.10279454,6.10279454,6.40310704,0,up,1,0.291242,None,Participant 1,1,2026-09-10_14h28.39.655,orient_discrimination,,2026.2.3,60.055326,2026-09-10 14h28.39.679573 +0530
4,0,4,0,up,1,0.34622254,None,4,0,4,0,6.42044775,,,6.40315892,6.42044775,7.40277158,7.40277158,7.75307604,0,up,1,0.34622254,None,Participant 1,1,2026-09-10_14h28.39.655,orient_discrimination,,2026.2.3,60.055326,2026-09-10 14h28.39.679573 +0530
5,0,5,0,up,1,0.37124621,None,5,0,5,0,7.76938775,,,7.75312425,7.76938775,8.75270596,8.75270596,9.13628587,0,up,0,0.37124621,None,Participant 1,1,2026-09-10_14h28.39.655,orient_discrimination,,2026.2.3,60.055326,2026-09-10 14h28.39.679573 +0530
6,0,6,0,up,1,0.37586067,None,6,0,6,0,9.15271008,,,9.13632379,9.15271008,10.1370481,10.1370481,10.5197183,0,up,0,0.37586067,None,Participant 1,1,2026-09-10_14h28.39.655,orient_discrimination,,2026.2.3,60.055326,2026-09-10 14h28.39.679573 +0530
7,0,7,-1,up,0,0.307336,None,7,0,7,0,10.5367598,,,10.5197656,10.5367598,11.5195175,11.5195175,11.8362757,-1,up,0,0.307336,None,Participant 1,1,2026-09-10_14h28.39.655,orient_discrimination,,2026.2.3,60.055326,2026-09-10 14h28.39.679573 +0530
8,0,8,0,up,1,0.37000067,None,8,0,8,0,11.8528548,,,11.8363093,11.8528548,12.8368123,12.8368123,13.2195557,0,up,1,0.37000067,None,Participant 1,1,2026-09-10_14h28.39.655,orient_discrimination,,2026.2.3,60.055326,2026-09-10 14h28.39.679573 +0530
9,0,9,0,up,1,0.32157875,None,9,0,9,0,13.2370668,,,13.2195927,13.2370668,14.220198,14.220198,14.5527692,0,up,1,0.32157875,None,Participant 1,1,2026-09-10_14h28.39.655,orient_discrimination,,2026.2.3,60.055326,2026-09-10 14h28.39.679573 +0530
10,0,10,0,up,1,0.3692675,None,10,0,10,0,14.5693929,,,14.5528019,14.5693929,15.5534703,15.5534703,15.9362736,0,up,1,0.3692675,None,Participant 1,1,2026-09-10_14h28.39.655,orient_discrimination,,2026.2.3,60.055326,2026-09-10 14h28.39.679573 +0530
11,0,11,0,up,1,0.37088187,None,11,0,11,0,15.9527049,,,15.9363069,15.9527049,16.9368113,16.9368113,17.319599,0,up,1,0.37088187,None,Participant 1,1,2026-09-10_14h28.39.655,orient_discrimination,,2026.2.3,60.055326,2026-09-10 14h28.39.679573 +0530
12,0,12,0,up,1,0.36155875,None,12,0,12,0,17.3368476,,,17.3196291,17.3368476,18.3200826,18.3200826,18.686238,0,up,1,0.36155875,None,Participant 1,1,2026-09-10_14h28.39.655,orient_discrimination,,2026.2.3,60.055326,2026-09-10 14h28.39.679573 +0530
13,0,13,0,up,1,0.40904858,None,13,0,13,0,18.7028002,,,18.6862768,18.7028002,19.6865767,19.6865767,20.1028192,0,up,0,0.40904858,None,Participant 1,1,2026-09-10_14h28.39.655,orient_discrimination,,2026.2.3,60.055326,2026-09-10 14h28.39.679573 +0530
14,0,14,0,up,1,0.34430583,None,14,0,14,0,20.1200406,,,20.1028534,20.1200406,21.1032675,21.1032675,21.4523424,0,up,0,0.34430583,None,Participant 1,1,2026-09-10_14h28.39.655,orient_discrimination,,2026.2.3,60.055326,2026-09-10 14h28.39.679573 +0530
15,0,15,0,up,1,0.39212908,None,15,0,15,0,21.46999,,,21.452374,21.46999,22.4534026,22.4534026,22.8529443,0,up,1,0.39212908,None,Participant 1,1,2026-09-10_14h28.39.655,orient_discrimination,,2026.2.3,60.055326,2026-09-10 14h28.39.679573 +0530
16,0,16,4,up,0,0.40586046,None,16,0,16,0,22.8701974,,,22.8529804,22.8701974,23.8536168,23.8536168,24.2697515,4,up,0,0.40586046,None,Participant 1,1,2026-09-10_14h28.39.655,orient_discrimination,,2026.2.3,60.055326,2026-09-10 14h28.39.679573 +0530
17,0,17,0,up,1,0.38203708,None,17,0,17,0,24.2861603,,,24.2697821,24.2861603,25.2694848,25.2694848,25.6535243,0,up,1,0.38203708,None,Participant 1,1,2026-09-10_14h28.39.655,orient_discrimination,,2026.2.3,60.055326,2026-09-10 14h28.39.679573 +0530
18,0,18,0,up,1,0.36797712,None,18,0,18,0,25.6692763,,,25.6535655,25.6692763,26.6533998,26.6533998,27.0363921,0,up,0,0.36797712,None,Participant 1,1,2026-09-10_14h28.39.655,orient_discrimination,,2026.2.3,60.055326,2026-09-10 14h28.39.679573 +0530
19,0,19,0,up,1,0.46659512,None,19,0,19,0,27.0533352,,,27.0364231,27.0533352,28.0368204,28.0368204,28.5036753,0,up,1,0.46659512,None,Participant 1,1,2026-09-10_14h28.39.655,orient_discrimination,,2026.2.3,60.055326,2026-09-10 14h28.39.679573 +0530
20,0,20,4,up,0,0.39406546,None,20,0,20,0,28.5192474,,,28.5037123,28.5192474,29.5032435,29.5032435,29.9025444,4,up,0,0.39406546,None,Participant 1,1,2026-09-10_14h28.39.655,orient_discrimination,,2026.2.3,60.055326,2026-09-10 14h28.39.679573 +0530
21,0,21,0,up,1,0.44091712,None,21,0,21,0,29.9200124,,,29.9025783,29.9200124,30.9033436,30.9033436,31.3527083,0,up,1,0.44091712,None,Participant 1,1,2026-09-10_14h28.39.655,orient_discrimination,,2026.2.3,60.055326,2026-09-10 14h28.39.679573 +0530
22,0,22,0,up,1,0.39688229,None,22,0,22,0,31.369937,,,31.3527398,31.369937,32.3533478,32.3533478,32.7527473,0,up,1,0.39688229,None,Participant 1,1,2026-09-10_14h28.39.655,orient_discrimination,,2026.2.3,60.055326,2026-09-10 14h28.39.679573 +0530
23,0,23,-1,up,0,0.33082392,None,23,0,23,0,32.769278,,,32.7527839,32.769278,33.753458,33.753458,34.0867327,-1,up,0,0.33082392,None,Participant 1,1,2026-09-10_14h28.39.655,orient_discrimination,,2026.2.3,60.055326,2026-09-10 14h28.39.679573 +0530
24,0,24,0,up,1,0.38550167,None,24,0,24,0,34.1025892,,,34.0867643,34.1025892,35.0866282,35.0866282,35.4860201,0,up,1,0.38550167,None,Participant 1,1,2026-09-10_14h28.39.655,orient_discrimination,,2026.2.3,60.055326,2026-09-10 14h28.39.679573 +0530
25,0,25,2,up,0,0.33755392,None,25,0,25,0,35.5023892,,,35.4860691,35.5023892,36.4865405,36.4865405,36.836243,2,up,0,0.33755392,None,Participant 1,1,2026-09-10_14h28.39.655,orient_discrimination,,2026.2.3,60.055326,2026-09-10 14h28.39.679573 +0530
26,0,26,-3,up,0,0.51411463,None,26,0,26,0,36.8533118,,,36.8362807,36.8533118,37.8359248,37.8359248,38.352612,-3,up,0,0.51411463,None,Participant 1,1,2026-09-10_14h28.39.655,orient_discrimination,,2026.2.3,60.055326,2026-09-10 14h28.39.679573 +0530
27,0,27,-2,up,0,0.37775333,None,27,0,27,0,38.369211,,,38.3526463,38.369211,39.3532449,39.3532449,39.7358842,-2,up,0,0.37775333,None,Participant 1,1,2026-09-10_14h28.39.655,orient_discrimination,,2026.2.3,60.055326,2026-09-10 14h28.39.679573 +0530
28,0,28,-1,up,0,0.35459629,None,28,0,28,0,39.7532246,,,39.7359195,39.7532246,40.7363599,40.7363599,41.1034937,-1,up,0,0.35459629,None,Participant 1,1,2026-09-10_14h28.39.655,orient_discrimination,,2026.2.3,60.055326,2026-09-10 14h28.39.679573 +0530
29,0,29,0,up,1,0.48552662,None,29,0,29,0,41.1202458,,,41.1035244,41.1202458,42.103375,42.103375,42.6025907,0,up,1,0.48552662,None,Participant 1,1,2026-09-10_14h28.39.655,orient_discrimination,,2026.2.3,60.055326,2026-09-10 14h28.39.679573 +0530
30,0,30,0,up,1,0.41346021,None,30,0,30,0,42.6197904,,,42.6026208,42.6197904,43.6024773,43.6024773,44.0199219,0,up,1,0.41346021,None,Participant 1,1,2026-09-10_14h28.39.655,orient_discrimination,,2026.2.3,60.055326,2026-09-10 14h28.39.679573 +0530
31,0,31,0,up,1,0.49265283,None,31,0,31,0,44.0357986,,,44.0199546,44.0357986,45.0201415,45.0201415,45.5200351,0,up,1,0.49265283,None,Participant 1,1,2026-09-10_14h28.39.655,orient_discrimination,,2026.2.3,60.055326,2026-09-10 14h28.39.679573 +0530
32,0,32,0,up,1,0.40366896,None,32,0,32,0,45.536654,,,45.5200657,45.536654,46.5191057,46.5191057,46.9359845,0,up,1,0.40366896,None,Participant 1,1,2026-09-10_14h28.39.655,orient_discrimination,,2026.2.3,60.055326,2026-09-10 14h28.39.679573 +0530
33,0,33,0,up,1,0.47825833,None,33,0,33,0,46.9523883,,,46.9360171,46.9523883,47.9364872,47.9364872,48.4193293,0,up,1,0.47825833,None,Participant 1,1,2026-09-10_14h28.39.655,orient_discrimination,,2026.2.3,60.055326,2026-09-10 14h28.39.679573 +0530
34,0,34,3,down,1,0.47293471,None,34,0,34,0,48.4356333,,,48.4193639,48.4356333,49.419745,49.419745,49.9026122,3,down,1,0.47293471,None,Participant 1,1,2026-09-10_14h28.39.655,orient_discrimination,,2026.2.3,60.055326,2026-09-10 14h28.39.679573 +0530
35,0,35,0,up,1,0.50120704,None,35,0,35,0,49.9191303,,,49.9026432,49.9191303,50.902413,50.902413,51.41922,0,up,1,0.50120704,None,Participant 1,1,2026-09-10_14h28.39.655,orient_discrimination,,2026.2.3,60.055326,2026-09-10 14h28.39.679573 +0530
36,0,36,0,up,1,0.49288817,None,36,0,36,0,51.4357634,,,51.4192578,51.4357634,52.4197057,52.4197057,52.9191916,0,up,0,0.49288817,None,Participant 1,1,2026-09-10_14h28.39.655,orient_discrimination,,2026.2.3,60.055326,2026-09-10 14h28.39.679573 +0530
37,0,37,0,up,1,0.415467,None,37,0,37,0,52.9358209,,,52.9192226,52.9358209,53.9201455,53.9201455,54.3365082,0,up,1,0.415467,None,Participant 1,1,2026-09-10_14h28.39.655,orient_discrimination,,2026.2.3,60.055326,2026-09-10 14h28.39.679573 +0530
38,0,38,0,up,1,0.41505125,None,38,0,38,0,54.3523025,,,54.3365408,54.3523025,55.3365428,55.3365428,55.7533053,0,up,1,0.41505125,None,Participant 1,1,2026-09-10_14h28.39.655,orient_discrimination,,2026.2.3,60.055326,2026-09-10 14h28.39.679573 +0530
39,0,39,0,up,1,0.41039958,None,39,0,39,0,55.7689749,,,55.7533345,55.7689749,56.7530458,56.7530458,57.1691584,0,up,1,0.41039958,None,Participant 1,1,2026-09-10_14h28.39.655,orient_discrimination,,2026.2.3,60.055326,2026-09-10 14h28.39.679573 +0530
40,0,40,-2,down,1,0.38774412,None,40,0,40,0,57.1855924,,,57.1691945,57.1855924,58.1696619,58.1696619,58.5700292,-2,down,1,0.38774412,None,Participant 1,1,2026-09-10_14h28.39.655,orient_discrimination,,2026.2.3,60.055326,2026-09-10 14h28.39.679573 +0530
41,0,41,0,up,1,0.40532258,None,41,0,41,0,58.5857794,,,58.5700617,58.5857794,59.5690482,59.5690482,59.9858231,0,up,1,0.40532258,None,Participant 1,1,2026-09-10_14h28.39.655,orient_discrimination,,2026.2.3,60.055326,2026-09-10 14h28.39.679573 +0530
42,0,42,0,up,1,0.37573,None,42,0,42,0,60.0022498,,,59.9858528,60.0022498,60.986591,60.986591,61.3696254,0,up,1,0.37573,None,Participant 1,1,2026-09-10_14h28.39.655,orient_discrimination,,2026.2.3,60.055326,2026-09-10 14h28.39.679573 +0530
43,0,43,0,up,1,0.37946725,None,43,0,43,0,61.3858492,,,61.3696765,61.3858492,62.369811,62.369811,62.7532156,0,up,1,0.37946725,None,Participant 1,1,2026-09-10_14h28.39.655,orient_discrimination,,2026.2.3,60.055326,2026-09-10 14h28.39.679573 +0530
44,0,44,0,up,1,0.41439537,None,44,0,44,0,62.7688826,,,62.7532593,62.7688826,63.7529626,63.7529626,64.1691748,0,up,1,0.41439537,None,Participant 1,1,2026-09-10_14h28.39.655,orient_discrimination,,2026.2.3,60.055326,2026-09-10 14h28.39.679573 +0530
45,0,45,-4,down,1,0.36020371,None,45,0,45,0,64.1856505,,,64.169219,64.1856505,65.1689936,65.1689936,65.535854,-4,down,1,0.36020371,None,Participant 1,1,2026-09-10_14h28.39.655,orient_discrimination,,2026.2.3,60.055326,2026-09-10 14h28.39.679573 +0530
46,0,46,-4,down,1,0.50691808,None,46,0,46,0,65.5528813,,,65.5358989,65.5528813,66.535582,66.535582,67.0532499,-4,down,1,0.50691808,None,Participant 1,1,2026-09-10_14h28.39.655,orient_discrimination,,2026.2.3,60.055326,2026-09-10 14h28.39.679573 +0530
47,0,47,1,up,0,0.49813858,None,47,0,47,0,67.0696059,,,67.0532876,67.0696059,68.0530334,68.0530334,68.5531032,1,up,0,0.49813858,None,Participant 1,1,2026-09-10_14h28.39.655,orient_discrimination,,2026.2.3,60.055326,2026-09-10 14h28.39.679573 +0530
48,0,48,2,up,0,0.44390358,None,48,0,48,0,68.5687684,,,68.5531375,68.5687684,69.5531562,69.5531562,70.0020017,2,up,0,0.44390358,None,Participant 1,1,2026-09-10_14h28.39.655,orient_discrimination,,2026.2.3,60.055326,2026-09-10 14h28.39.679573 +0530
49,0,49,0,up,1,0.55984017,None,49,0,49,0,70.0195394,,,70.0020426,70.0195394,71.003176,71.003176,71.5690539,0,up,0,0.55984017,None,Participant 1,1,2026-09-10_14h28.39.655,orient_discrimination,,2026.2.3,60.055326,2026-09-10 14h28.39.679573 +0530
50,0,50,2,up,0,0.44706971,None,50,0,50,0,71.5856167,,,71.5690896,71.5856167,72.5688828,72.5688828,73.0196798,2,up,0,0.44706971,None,Participant 1,1,2026-09-10_14h28.39.655,orient_discrimination,,2026.2.3,60.055326,2026-09-10 14h28.39.679573 +0530
51,0,51,1,up,0,0.42833454,None,51,0,51,0,73.0354207,,,73.0197125,73.0354207,74.019575,74.019575,74.4531218,1,up,0,0.42833454,None,Participant 1,1,2026-09-10_14h28.39.655,orient_discrimination,,2026.2.3,60.055326,2026-09-10 14h28.39.679573 +0530
52,0,52,3,down,1,0.67016842,None,52,0,52,0,74.4689913,,,74.4531551,74.4689913,75.4526932,75.4526932,76.1357894,3,down,1,0.67016842,None,Participant 1,1,2026-09-10_14h28.39.655,orient_discrimination,,2026.2.3,60.055326,2026-09-10 14h28.39.679573 +0530
53,0,53,0,up,1,0.51519167,None,53,0,53,0,76.1528327,,,76.1358267,76.1528327,77.1357102,77.1357102,77.6531364,0,up,1,0.51519167,None,Participant 1,1,2026-09-10_14h28.39.655,orient_discrimination,,2026.2.3,60.055326,2026-09-10 14h28.39.679573 +0530
54,0,54,-4,down,1,0.48292667,None,54,0,54,0,77.6687569,,,77.653171,77.6687569,78.6528845,78.6528845,79.1363592,-4,down,1,0.48292667,None,Participant 1,1,2026-09-10_14h28.39.655,orient_discrimination,,2026.2.3,60.055326,2026-09-10 14h28.39.679573 +0530
55,0,55,4,down,1,0.58317529,None,55,0,55,0,79.1521717,,,79.1363997,79.1521717,80.1355525,80.1355525,80.7195673,4,down,1,0.58317529,None,Participant 1,1,2026-09-10_14h28.39.655,orient_discrimination,,2026.2.3,60.055326,2026-09-10 14h28.39.679573 +0530
56,0,56,0,up,1,0.45898821,None,56,0,56,0,80.735481,,,80.7196208,80.735481,81.7196794,81.7196794,82.1857245,0,up,0,0.45898821,None,Participant 1,1,2026-09-10_14h28.39.655,orient_discrimination,,2026.2.3,60.055326,2026-09-10 14h28.39.679573 +0530
57,0,57,-3,down,1,0.45641883,None,57,0,57,0,82.2026979,,,82.1857672,82.2026979,83.1862058,83.1862058,83.6529734,-3,down,1,0.45641883,None,Participant 1,1,2026-09-10_14h28.39.655,orient_discrimination,,2026.2.3,60.055326,2026-09-10 14h28.39.679573 +0530
58,0,58,0,down,0,0.46089425,None,58,0,58,0,83.6697012,,,83.6530042,83.6697012,84.652704,84.652704,85.118485,0,down,0,0.46089425,None,Participant 1,1,2026-09-10_14h28.39.655,orient_discrimination,,2026.2.3,60.055326,2026-09-10 14h28.39.679573 +0530
59,0,59,0,down,0,0.52778733,None,59,0,59,0,85.1360464,,,85.1185161,85.1360464,86.1187364,86.1187364,86.6531808,0,down,0,0.52778733,None,Participant 1,1,2026-09-10_14h28.39.655,orient_discrimination,,2026.2.3,60.055326,2026-09-10 14h28.39.679573 +0530
60,0,60,4,down,1,0.42870271,None,60,0,60,0,86.6695988,,,86.6532153,86.6695988,87.6527807,87.6527807,88.0855527,4,down,1,0.42870271,None,Participant 1,1,2026-09-10_14h28.39.655,orient_discrimination,,2026.2.3,60.055326,2026-09-10 14h28.39.679573 +0530
61,0,61,0,down,0,0.54512942,None,61,0,61,0,88.1022915,,,88.0855837,88.1022915,89.0863168,89.0863168,89.6355935,0,down,0,0.54512942,None,Participant 1,1,2026-09-10_14h28.39.655,orient_discrimination,,2026.2.3,60.055326,2026-09-10 14h28.39.679573 +0530
62,0,62,0,down,0,0.49236313,None,62,0,62,0,89.652046,,,89.6356252,89.652046,90.6360364,90.6360364,91.135614,0,down,0,0.49236313,None,Participant 1,1,2026-09-10_14h28.39.655,orient_discrimination,,2026.2.3,60.055326,2026-09-10 14h28.39.679573 +0530
63,0,63,0,down,0,0.48035775,None,63,0,63,0,91.1528975,,,91.1356535,91.1528975,92.1359956,92.1359956,92.6195403,0,down,1,0.48035775,None,Participant 1,1,2026-09-10_14h28.39.655,orient_discrimination,,2026.2.3,60.055326,2026-09-10 14h28.39.679573 +0530
64,0,64,-4,down,1,0.6376905,None,64,0,64,0,92.6352778,,,92.619573,92.6352778,93.6186111,93.6186111,94.2688976,-4,down,1,0.6376905,None,Participant 1,1,2026-09-10_14h28.39.655,orient_discrimination,,2026.2.3,60.055326,2026-09-10 14h28.39.679573 +0530
65,0,65,0,down,0,0.67705121,None,65,0,65,0,94.2854565,,,94.2689278,94.2854565,95.2691907,95.2691907,95.9523537,0,down,0,0.67705121,None,Participant 1,1,2026-09-10_14h28.39.655,orient_discrimination,,2026.2.3,60.055326,2026-09-10 14h28.39.679573 +0530
66,0,66,3,down,1,0.46332542,None,66,0,66,0,95.969311,,,95.9523915,95.969311,96.9528663,96.9528663,97.4188455,3,down,1,0.46332542,None,Participant 1,1,2026-09-10_14h28.39.655,orient_discrimination,,2026.2.3,60.055326,2026-09-10 14h28.39.679573 +0530
67,0,67,0,down,0,0.34601587,None,67,0,67,0,97.4353315,,,97.4188752,97.4353315,98.4191532,98.4191532,98.76867,0,down,0,0.34601587,None,Participant 1,1,2026-09-10_14h28.39.655,orient_discrimination,,2026.2.3,60.055326,2026-09-10 14h28.39.679573 +0530
68,0,68,-1,up,0,0.59157833,None,68,0,68,0,98.7853654,,,98.7687043,98.7853654,99.7685185,99.7685185,100.368918,-1,up,0,0.59157833,None,Participant 1,1,2026-09-10_14h28.39.655,orient_discrimination,,2026.2.3,60.055326,2026-09-10 14h28.39.679573 +0530
69,0,69,0,down,0,0.80569225,None,69,0,69,0,100.385287,,,100.368948,100.385287,101.369343,101.369343,102.185331,0,down,0,0.80569225,None,Participant 1,1,2026-09-10_14h28.39.655,orient_discrimination,,2026.2.3,60.055326,2026-09-10 14h28.39.679573 +0530
70,0,70,-2,up,0,0.63685413,None,70,0,70,0,102.202091,,,102.185368,102.202091,103.186141,103.186141,103.835353,-2,up,0,0.63685413,None,Participant 1,1,2026-09-10_14h28.39.655,orient_discrimination,,2026.2.3,60.055326,2026-09-10 14h28.39.679573 +0530
71,0,71,0,up,1,0.45349996,None,71,0,71,0,103.852145,,,103.835383,103.852145,104.835436,104.835436,105.30215,0,up,1,0.45349996,None,Participant 1,1,2026-09-10_14h28.39.655,orient_discrimination,,2026.2.3,60.055326,2026-09-10 14h28.39.679573 +0530
72,0,72,0,down,0,0.554262,None,72,0,72,0,105.318718,,,105.30218,105.318718,106.302656,106.302656,106.869498,0,down,0,0.554262,None,Participant 1,1,2026-09-10_14h28.39.655,orient_discrimination,,2026.2.3,60.055326,2026-09-10 14h28.39.679573 +0530
73,0,73,0,down,0,0.40258767,None,73,0,73,0,106.885064,,,106.869527,106.885064,107.869261,107.869261,108.28535,0,down,0,0.40258767,None,Participant 1,1,2026-09-10_14h28.39.655,orient_discrimination,,2026.2.3,60.055326,2026-09-10 14h28.39.679573 +0530
74,0,74,-2,down,1,0.38775675,None,74,0,74,0,108.301856,,,108.285386,108.301856,109.28605,109.28605,109.685337,-2,down,1,0.38775675,None,Participant 1,1,2026-09-10_14h28.39.655,orient_discrimination,,2026.2.3,60.055326,2026-09-10 14h28.39.679573 +0530
75,0,75,0,down,0,0.29582054,None,75,0,75,0,109.701933,,,109.685367,109.701933,110.685952,110.685952,110.985486,0,down,0,0.29582054,None,Participant 1,1,2026-09-10_14h28.39.655,orient_discrimination,,2026.2.3,60.055326,2026-09-10 14h28.39.679573 +0530
76,0,76,4,down,1,0.33795858,None,76,0,76,0,111.001761,,,110.985518,111.001761,111.985774,111.985774,112.336185,4,down,1,0.33795858,None,Participant 1,1,2026-09-10_14h28.39.655,orient_discrimination,,2026.2.3,60.055326,2026-09-10 14h28.39.679573 +0530
77,0,77,0,down,0,0.49001467,None,77,0,77,0,112.351919,,,112.336214,112.351919,113.335647,113.335647,113.835481,0,down,0,0.49001467,None,Participant 1,1,2026-09-10_14h28.39.655,orient_discrimination,,2026.2.3,60.055326,2026-09-10 14h28.39.679573 +0530
78,0,78,0,down,0,0.57876596,None,78,0,78,0,113.852672,,,113.83551,113.852672,114.835864,114.835864,115.418604,0,down,0,0.57876596,None,Participant 1,1,2026-09-10_14h28.39.655,orient_discrimination,,2026.2.3,60.055326,2026-09-10 14h28.39.679573 +0530
79,0,79,-5,down,1,0.49249437,None,79,0,79,0,115.435014,,,115.418635,115.435014,116.41909,116.41909,116.918755,-5,down,1,0.49249437,None,Participant 1,1,2026-09-10_14h28.39.655,orient_discrimination,,2026.2.3,60.055326,2026-09-10 14h28.39.679573 +0530
80,0,80,0,up,1,0.67610812,None,80,0,80,0,116.935965,,,116.918785,116.935965,117.919411,117.919411,118.602625,0,up,1,0.67610812,None,Participant 1,1,2026-09-10_14h28.39.655,orient_discrimination,,2026.2.3,60.055326,2026-09-10 14h28.39.679573 +0530
81,0,81,0,down,0,0.80310088,None,81,0,81,0,118.619409,,,118.602654,118.619409,119.602376,119.602376,120.419347,0,down,0,0.80310088,None,Participant 1,1,2026-09-10_14h28.39.655,orient_discrimination,,2026.2.3,60.055326,2026-09-10 14h28.39.679573 +0530
82,0,82,0,down,0,0.50122062,None,82,0,82,0,120.435633,,,120.419378,120.435633,121.419174,121.419174,121.935328,0,down,0,0.50122062,None,Participant 1,1,2026-09-10_14h28.39.655,orient_discrimination,,2026.2.3,60.055326,2026-09-10 14h28.39.679573 +0530
83,0,83,0,up,1,0.41061183,None,83,0,83,0,121.951892,,,121.935358,121.951892,122.935756,122.935756,123.35174,0,up,1,0.41061183,None,Participant 1,1,2026-09-10_14h28.39.655,orient_discrimination,,2026.2.3,60.055326,2026-09-10 14h28.39.679573 +0530
84,0,84,0,down,0,0.73265858,None,84,0,84,0,123.368317,,,123.351769,123.368317,124.352659,124.352659,125.101768,0,down,0,0.73265858,None,Participant 1,1,2026-09-10_14h28.39.655,orient_discrimination,,2026.2.3,60.055326,2026-09-10 14h28.39.679573 +0530
85,0,85,0,up,1,0.55250237,None,85,0,85,0,125.118215,,,125.101804,125.118215,126.102775,126.102775,126.668629,0,up,0,0.55250237,None,Participant 1,1,2026-09-10_14h28.39.655,orient_discrimination,,2026.2.3,60.055326,2026-09-10 14h28.39.679573 +0530
86,0,86,0,up,1,0.40171404,None,86,0,86,0,126.685757,,,126.66866,126.685757,127.668492,127.668492,128.085327,0,up,1,0.40171404,None,Participant 1,1,2026-09-10_14h28.39.655,orient_discrimination,,2026.2.3,60.055326,2026-09-10 14h28.39.679573 +0530
87,0,87,-2,down,1,0.61452704,None,87,0,87,0,128.102279,,,128.08536,128.102279,129.085741,129.085741,129.701814,-2,down,1,0.61452704,None,Participant 1,1,2026-09-10_14h28.39.655,orient_discrimination,,2026.2.3,60.055326,2026-09-10 14h28.39.679573 +0530
88,0,88,0,up,1,0.70844979,None,88,0,88,0,129.718258,,,129.701844,129.718258,130.70166,130.70166,131.418465,0,up,1,0.70844979,None,Participant 1,1,2026-09-10_14h28.39.655,orient_discrimination,,2026.2.3,60.055326,2026-09-10 14h28.39.679573 +0530
89,0,89,0,up,1,0.41356413,None,89,0,89,0,131.435727,,,131.418494,131.435727,132.41851,132.41851,132.835094,0,up,1,0.41356413,None,Participant 1,1,2026-09-10_14h28.39.655,orient_discrimination,,2026.2.3,60.055326,2026-09-10 14h28.39.679573 +0530
90,0,90,0,up,1,0.36046475,None,90,0,90,0,132.85162,,,132.835123,132.85162,133.835559,133.835559,134.201882,0,up,1,0.36046475,None,Participant 1,1,2026-09-10_14h28.39.655,orient_discrimination,,2026.2.3,60.055326,2026-09-10 14h28.39.679573 +0530
91,0,91,4,down,1,0.50574858,None,91,0,91,0,134.219095,,,134.201916,134.219095,135.202239,135.202239,135.718424,4,down,1,0.50574858,None,Participant 1,1,2026-09-10_14h28.39.655,orient_discrimination,,2026.2.3,60.055326,2026-09-10 14h28.39.679573 +0530
92,0,92,-4,down,1,0.56195304,None,92,0,92,0,135.735781,,,135.718459,135.735781,136.718986,136.718986,137.285093,-4,down,1,0.56195304,None,Participant 1,1,2026-09-10_14h28.39.655,orient_discrimination,,2026.2.3,60.055326,2026-09-10 14h28.39.679573 +0530
93,0,93,0,down,0,0.59806067,None,93,0,93,0,137.301491,,,137.285125,137.301491,138.285914,138.285914,138.885227,0,down,0,0.59806067,None,Participant 1,1,2026-09-10_14h28.39.655,orient_discrimination,,2026.2.3,60.055326,2026-09-10 14h28.39.679573 +0530
94,0,94,0,up,1,0.40585117,None,94,0,94,0,138.901669,,,138.885298,138.901669,139.885796,139.885796,140.302597,0,up,1,0.40585117,None,Participant 1,1,2026-09-10_14h28.39.655,orient_discrimination,,2026.2.3,60.055326,2026-09-10 14h28.39.679573 +0530
95,0,95,0,up,1,0.396525,None,95,0,95,0,140.318848,,,140.302642,140.318848,141.318267,141.318267,141.719244,0,up,1,0.396525,None,Participant 1,1,2026-09-10_14h28.39.655,orient_discrimination,,2026.2.3,60.055326,2026-09-10 14h28.39.679573 +0530
96,0,96,0,up,1,0.41786696,None,96,0,96,0,141.734783,,,141.719298,141.734783,142.718854,142.718854,143.151776,0,up,1,0.41786696,None,Participant 1,1,2026-09-10_14h28.39.655,orient_discrimination,,2026.2.3,60.055326,2026-09-10 14h28.39.679573 +0530
97,0,97,0,up,1,0.39638875,None,97,0,97,0,143.169035,,,143.151822,143.169035,144.152319,144.152319,144.551787,0,up,1,0.39638875,None,Participant 1,1,2026-09-10_14h28.39.655,orient_discrimination,,2026.2.3,60.055326,2026-09-10 14h28.39.679573 +0530
98,0,98,3,down,1,1.02953408,None,98,0,98,0,144.56822,,,144.551834,144.56822,145.55209,145.55209,146.585224,3,down,1,1.02953408,None,Participant 1,1,2026-09-10_14h28.39.655,orient_discrimination,,2026.2.3,60.055326,2026-09-10 14h28.39.679573 +0530
99,0,99,0,up,1,0.55101025,None,99,0,99,0,146.601462,,,146.585265,146.601462,147.585562,147.585562,148.151721,0,up,1,0.55101025,None,Participant 1,1,2026-09-10_14h28.39.655,orient_discrimination,,2026.2.3,60.055326,2026-09-10 14h28.39.679573 +0530