trials_2.thisTrialN,trials_2.stepSize,trials_2.intensity,thisRow.t,notes,piloting,trial.started,fixation.started,grating.started,key_resp.started,fixation.stopped,grating.stopped,trial.stopped,corrAns,tilt,key_resp.corr,trials_2.response,key_resp.rt,participant,session,date,expName,expVersion,psychopyVersion,frameRate,expStart
0,2,10,0.04305238,,FALSE,0.02654854,0.04305238,0.50970183,0.50970183,0.54296117,0.80964554,1.34808767,right,10,1,1,0.80928846,Participant 1,1,2026-09-08_15h39.02.597,adaptive_staircase,,2026.2.3,60.0241747,2026-09-08 15h39.02.629025 +0530
1,2,8,1.35965104,,,1.34814658,1.35965104,1.85961321,1.85961321,1.85961321,2.15974313,2.41036212,left,-8,1,1,0.54632,Participant 1,1,2026-09-08_15h39.02.597,adaptive_staircase,,2026.2.3,60.0241747,2026-09-08 15h39.02.629025 +0530
2,2,6,2.42659317,,,2.41039871,2.42659317,2.90975375,2.90975375,2.92638217,3.20970171,3.31010521,right,6,1,1,0.39014504,Participant 1,1,2026-09-08_15h39.02.597,adaptive_staircase,,2026.2.3,60.0241747,2026-09-08 15h39.02.629025 +0530
3,2,4,3.32637321,,,3.31014729,3.32637321,3.80971667,3.80971667,3.82615917,4.10966008,4.27640575,left,-4,1,1,0.45121879,Participant 1,1,2026-09-08_15h39.02.597,adaptive_staircase,,2026.2.3,60.0241747,2026-09-08 15h39.02.629025 +0530
4,2,2,4.29301937,,,4.2764355,4.29301937,4.77620129,4.77620129,4.79296621,5.076284,5.52639592,left,-2,1,1,0.74363804,Participant 1,1,2026-09-08_15h39.02.597,adaptive_staircase,,2026.2.3,60.0241747,2026-09-08 15h39.02.629025 +0530
5,2,1,5.54285029,,,5.52642538,5.54285029,6.02609329,6.02609329,6.04297029,6.32644933,6.72668692,right,1,1,1,0.68971525,Participant 1,1,2026-09-08_15h39.02.597,adaptive_staircase,,2026.2.3,60.0241747,2026-09-08 15h39.02.629025 +0530
6,2,1,6.74296321,,,6.72671162,6.74296321,7.22626862,7.22626862,7.24288888,7.52635158,7.9931195,left,-1,1,1,0.76451121,Participant 1,1,2026-09-08_15h39.02.597,adaptive_staircase,,2026.2.3,60.0241747,2026-09-08 15h39.02.629025 +0530
7,2,1,8.00968162,,,7.99314375,8.00968162,8.4930285,8.4930285,8.50963262,8.79294183,9.07642908,right,1,1,1,0.57671108,Participant 1,1,2026-09-08_15h39.02.597,adaptive_staircase,,2026.2.3,60.0241747,2026-09-08 15h39.02.629025 +0530
8,1,1,9.09284983,,,9.07645725,9.09284983,9.57620775,9.57620775,9.59302637,9.87614275,10.2763592,right,1,0,0,0.69749,Participant 1,1,2026-09-08_15h39.02.597,adaptive_staircase,,2026.2.3,60.0241747,2026-09-08 15h39.02.629025 +0530
9,1,2,10.2928033,,,10.2763869,10.2928033,10.7763456,10.7763456,10.7929886,11.0762846,11.4262694,right,2,1,1,0.64233242,Participant 1,1,2026-09-08_15h39.02.597,adaptive_staircase,,2026.2.3,60.0241747,2026-09-08 15h39.02.629025 +0530
10,1,2,11.4428772,,,11.4262976,11.4428772,11.9263818,11.9263818,11.9429783,12.2262941,12.5097707,left,-2,1,1,0.56731925,Participant 1,1,2026-09-08_15h39.02.597,adaptive_staircase,,2026.2.3,60.0241747,2026-09-08 15h39.02.629025 +0530
11,1,2,12.5262268,,,12.5097917,12.5262268,13.0095615,13.0095615,13.0261951,13.3095117,13.8430639,left,-2,1,1,0.82002125,Participant 1,1,2026-09-08_15h39.02.597,adaptive_staircase,,2026.2.3,60.0241747,2026-09-08 15h39.02.629025 +0530
12,1,1,13.8594973,,,13.8430869,13.8594973,14.342826,14.342826,14.3594342,14.6427724,15.1929873,right,1,1,1,0.84977562,Participant 1,1,2026-09-08_15h39.02.597,adaptive_staircase,,2026.2.3,60.0241747,2026-09-08 15h39.02.629025 +0530
13,1,1,15.2095814,,,15.1930121,15.2095814,15.6929045,15.6929045,15.7095731,15.9928314,16.3597792,left,-1,1,1,0.65259521,Participant 1,1,2026-09-08_15h39.02.597,adaptive_staircase,,2026.2.3,60.0241747,2026-09-08 15h39.02.629025 +0530
14,1,1,16.376236,,,16.3597995,16.376236,16.859569,16.859569,16.8761778,17.1595046,17.5263135,left,-1,1,1,0.66092308,Participant 1,1,2026-09-08_15h39.02.597,adaptive_staircase,,2026.2.3,60.0241747,2026-09-08 15h39.02.629025 +0530
15,1,1,17.5427405,,,17.5263365,17.5427405,18.0262283,18.0262283,18.0428552,18.3261537,18.5429653,left,-1,1,1,0.50021617,Participant 1,1,2026-09-08_15h39.02.597,adaptive_staircase,,2026.2.3,60.0241747,2026-09-08 15h39.02.629025 +0530
16,0.5,1,18.5594555,,,18.5429854,18.5594555,19.0427632,19.0427632,19.0595426,19.3428985,19.6265368,right,1,0,0,0.57265958,Participant 1,1,2026-09-08_15h39.02.597,adaptive_staircase,,2026.2.3,60.0241747,2026-09-08 15h39.02.629025 +0530
17,0.5,1.5,19.6428598,,,19.6265853,19.6428598,20.1262015,20.1262015,20.1427686,20.4261549,21.2926313,right,1.5,1,1,1.16517104,Participant 1,1,2026-09-08_15h39.02.597,adaptive_staircase,,2026.2.3,60.0241747,2026-09-08 15h39.02.629025 +0530
18,0.5,1.5,21.3094739,,,21.2926593,21.3094739,21.7927607,21.7927607,21.8093692,22.0927047,22.4262558,left,-1.5,1,1,0.61863838,Participant 1,1,2026-09-08_15h39.02.597,adaptive_staircase,,2026.2.3,60.0241747,2026-09-08 15h39.02.629025 +0530
19,0.5,1.5,22.4428377,,,22.4262837,22.4428377,22.9260157,22.9260157,22.9427974,23.226131,23.4097579,right,1.5,1,1,0.46926721,Participant 1,1,2026-09-08_15h39.02.597,adaptive_staircase,,2026.2.3,60.0241747,2026-09-08 15h39.02.629025 +0530
20,0.5,1,23.4261635,,,23.4097838,23.4261635,23.9094829,23.9094829,23.9261888,24.20958,24.4264092,right,1,0,0,0.50677313,Participant 1,1,2026-09-08_15h39.02.597,adaptive_staircase,,2026.2.3,60.0241747,2026-09-08 15h39.02.629025 +0530
21,0.5,1.5,24.442839,,,24.4264325,24.442839,24.9261889,24.9261889,24.9428017,25.2261364,25.4262555,right,1.5,1,1,0.499128,Participant 1,1,2026-09-08_15h39.02.597,adaptive_staircase,,2026.2.3,60.0241747,2026-09-08 15h39.02.629025 +0530
22,0.5,1.5,25.4427808,,,25.4262765,25.4427808,25.9261097,25.9261097,25.9427143,26.2260562,26.3929468,right,1.5,1,1,0.46009225,Participant 1,1,2026-09-08_15h39.02.597,adaptive_staircase,,2026.2.3,60.0241747,2026-09-08 15h39.02.629025 +0530
23,0.5,1.5,26.409405,,,26.3929703,26.409405,26.8927526,26.8927526,26.909354,27.1926505,27.5928679,left,-1.5,1,1,0.68448217,Participant 1,1,2026-09-08_15h39.02.597,adaptive_staircase,,2026.2.3,60.0241747,2026-09-08 15h39.02.629025 +0530
24,0.5,1,27.6093416,,,27.5928903,27.6093416,28.0928455,28.0928455,28.1094638,28.3928006,28.6096172,right,1,0,0,0.50428508,Participant 1,1,2026-09-08_15h39.02.597,adaptive_staircase,,2026.2.3,60.0241747,2026-09-08 15h39.02.629025 +0530
25,0.5,1.5,28.6260075,,,28.6096392,28.6260075,29.1093492,29.1093492,29.1261849,29.4095087,30.0595609,right,1.5,1,1,0.93975067,Participant 1,1,2026-09-08_15h39.02.597,adaptive_staircase,,2026.2.3,60.0241747,2026-09-08 15h39.02.629025 +0530
26,0.5,1.5,30.0760376,,,30.0595812,30.0760376,30.5593296,30.5593296,30.5759957,30.8594654,30.9761735,left,-1.5,1,1,0.40575313,Participant 1,1,2026-09-08_15h39.02.597,adaptive_staircase,,2026.2.3,60.0241747,2026-09-08 15h39.02.629025 +0530
27,0.5,1.5,30.9927917,,,30.9761955,30.9927917,31.4759452,31.4759452,31.4927262,31.7759098,31.8427392,left,-1.5,0,0,0.36411142,Participant 1,1,2026-09-08_15h39.02.597,adaptive_staircase,,2026.2.3,60.0241747,2026-09-08 15h39.02.629025 +0530
28,0.5,2,31.859351,,,31.8427597,31.859351,32.342881,32.342881,32.3595274,32.642799,32.8262424,right,2,1,1,0.48111617,Participant 1,1,2026-09-08_15h39.02.597,adaptive_staircase,,2026.2.3,60.0241747,2026-09-08 15h39.02.629025 +0530
29,0.5,2,32.8428358,,,32.8262622,32.8428358,33.3261767,33.3261767,33.3427778,33.626091,33.7429553,right,2,1,1,0.41181233,Participant 1,1,2026-09-08_15h39.02.597,adaptive_staircase,,2026.2.3,60.0241747,2026-09-08 15h39.02.629025 +0530
30,0.5,2,33.7594219,,,33.7429757,33.7594219,34.2427589,34.2427589,34.2593787,34.5426767,34.6928062,right,2,1,1,0.43617521,Participant 1,1,2026-09-08_15h39.02.597,adaptive_staircase,,2026.2.3,60.0241747,2026-09-08 15h39.02.629025 +0530
31,0.5,1.5,34.7092679,,,34.692826,34.7092679,35.1926247,35.1926247,35.2092391,35.4925607,35.5761582,right,1.5,1,1,0.3762945,Participant 1,1,2026-09-08_15h39.02.597,adaptive_staircase,,2026.2.3,60.0241747,2026-09-08 15h39.02.629025 +0530
32,0.5,1.5,35.5926418,,,35.5761781,35.5926418,36.0759963,36.0759963,36.0926303,36.3759362,36.9094423,left,-1.5,1,1,0.82289554,Participant 1,1,2026-09-08_15h39.02.597,adaptive_staircase,,2026.2.3,60.0241747,2026-09-08 15h39.02.629025 +0530
33,0.5,1.5,36.9261163,,,36.9094622,36.9261163,37.4094428,37.4094428,37.4260371,37.7093487,37.9095145,right,1.5,1,1,0.49248646,Participant 1,1,2026-09-08_15h39.02.597,adaptive_staircase,,2026.2.3,60.0241747,2026-09-08 15h39.02.629025 +0530
34,0.5,1,37.9260173,,,37.9095385,37.9260173,38.409346,38.409346,38.425983,38.7092499,39.0426265,left,-1,1,1,0.63256358,Participant 1,1,2026-09-08_15h39.02.597,adaptive_staircase,,2026.2.3,60.0241747,2026-09-08 15h39.02.629025 +0530
35,0.5,1,39.0592468,,,39.0426471,39.0592468,39.5425442,39.5425442,39.5591833,39.8426627,40.226074,left,-1,1,1,0.67605888,Participant 1,1,2026-09-08_15h39.02.597,adaptive_staircase,,2026.2.3,60.0241747,2026-09-08 15h39.02.629025 +0530
36,0.5,1,40.2427003,,,40.2260947,40.2427003,40.7260772,40.7260772,40.7427048,41.0260217,41.1096248,right,1,1,1,0.37666904,Participant 1,1,2026-09-08_15h39.02.597,adaptive_staircase,,2026.2.3,60.0241747,2026-09-08 15h39.02.629025 +0530
37,0.5,1,41.1261045,,,41.1096449,41.1261045,41.6092764,41.6092764,41.6260509,41.9093357,42.1093712,right,1,1,1,0.49344992,Participant 1,1,2026-09-08_15h39.02.597,adaptive_staircase,,2026.2.3,60.0241747,2026-09-08 15h39.02.629025 +0530
38,0.5,1,42.1260033,,,42.1093912,42.1260033,42.6093148,42.6093148,42.6259493,42.9092454,43.0593407,left,-1,1,1,0.4343705,Participant 1,1,2026-09-08_15h39.02.597,adaptive_staircase,,2026.2.3,60.0241747,2026-09-08 15h39.02.629025 +0530
39,0.5,1,43.075983,,,43.0593602,43.075983,43.5591623,43.5591623,43.5759515,43.8592544,44.0592768,left,-1,0,0,0.49849792,Participant 1,1,2026-09-08_15h39.02.597,adaptive_staircase,,2026.2.3,60.0241747,2026-09-08 15h39.02.629025 +0530
40,0.5,1.5,44.0759119,,,44.0592992,44.0759119,44.5592187,44.5592187,44.5758613,44.8591293,45.0427789,right,1.5,1,1,0.48140925,Participant 1,1,2026-09-08_15h39.02.597,adaptive_staircase,,2026.2.3,60.0241747,2026-09-08 15h39.02.629025 +0530
41,0.5,1.5,45.059388,,,45.0427995,45.059388,45.5427116,45.5427116,45.5593219,45.8426368,45.8761047,right,1.5,0,0,0.32289254,Participant 1,1,2026-09-08_15h39.02.597,adaptive_staircase,,2026.2.3,60.0241747,2026-09-08 15h39.02.629025 +0530
42,0.5,2,45.8926993,,,45.8761255,45.8926993,46.3758334,46.3758334,46.3926315,46.6759574,46.7427548,left,-2,0,0,0.352713,Participant 1,1,2026-09-08_15h39.02.597,adaptive_staircase,,2026.2.3,60.0241747,2026-09-08 15h39.02.629025 +0530
43,0.5,2.5,46.7592418,,,46.7427765,46.7592418,47.2425553,47.2425553,47.2592,47.5425286,48.1091762,left,-2.5,1,1,0.86607717,Participant 1,1,2026-09-08_15h39.02.597,adaptive_staircase,,2026.2.3,60.0241747,2026-09-08 15h39.02.629025 +0530
44,0.5,2.5,48.1259717,,,48.1091968,48.1259717,48.609095,48.609095,48.6259126,48.9091789,49.0426905,right,2.5,1,1,0.42453437,Participant 1,1,2026-09-08_15h39.02.597,adaptive_staircase,,2026.2.3,60.0241747,2026-09-08 15h39.02.629025 +0530
45,0.5,2.5,49.0591475,,,49.0427103,49.0591475,49.5426821,49.5426821,49.5593306,49.8426228,50.0093692,right,2.5,1,1,0.45878379,Participant 1,1,2026-09-08_15h39.02.597,adaptive_staircase,,2026.2.3,60.0241747,2026-09-08 15h39.02.629025 +0530
46,0.5,2,50.0257864,,,50.0093901,50.0257864,50.509343,50.509343,50.5259415,50.8092488,51.1926589,right,2,1,1,0.66808217,Participant 1,1,2026-09-08_15h39.02.597,adaptive_staircase,,2026.2.3,60.0241747,2026-09-08 15h39.02.629025 +0530
47,0.5,2,51.2091158,,,51.1926782,51.2091158,51.6924813,51.6924813,51.7092326,51.9925352,52.0258657,right,2,1,1,0.32693217,Participant 1,1,2026-09-08_15h39.02.597,adaptive_staircase,,2026.2.3,60.0241747,2026-09-08 15h39.02.629025 +0530
48,0.5,2,52.0424174,,,52.0258856,52.0424174,52.5257543,52.5257543,52.5423877,52.8258565,53.092498,left,-2,1,1,0.56312029,Participant 1,1,2026-09-08_15h39.02.597,adaptive_staircase,,2026.2.3,60.0241747,2026-09-08 15h39.02.629025 +0530
49,0.5,1.5,53.1091629,,,53.0925192,53.1091629,53.5924832,53.5924832,53.6093138,53.8926442,54.1592816,left,-1.5,1,1,0.55887279,Participant 1,1,2026-09-08_15h39.02.597,adaptive_staircase,,2026.2.3,60.0241747,2026-09-08 15h39.02.629025 +0530
50,0.5,1.5,54.1759545,,,54.1593018,54.1759545,54.6592458,54.6592458,54.6758801,54.9591915,55.0094008,left,-1.5,0,0,0.34207304,Participant 1,1,2026-09-08_15h39.02.597,adaptive_staircase,,2026.2.3,60.0241747,2026-09-08 15h39.02.629025 +0530
51,0.5,2,55.0256245,,,55.0094212,55.0256245,55.5086317,55.5086317,55.5258261,55.8091477,55.8093322,left,-2,0,0,0.28766629,Participant 1,1,2026-09-08_15h39.02.597,adaptive_staircase,,2026.2.3,60.0241747,2026-09-08 15h39.02.629025 +0530
52,0.5,2.5,55.8257837,,,55.8093601,55.8257837,56.309048,56.309048,56.3257286,56.608919,57.0592468,left,-2.5,1,1,0.74119796,Participant 1,1,2026-09-08_15h39.02.597,adaptive_staircase,,2026.2.3,60.0241747,2026-09-08 15h39.02.629025 +0530
53,0.5,2.5,57.0757514,,,57.0592688,57.0757514,57.5590416,57.5590416,57.5758347,57.8591281,58.059266,right,2.5,1,1,0.49930383,Participant 1,1,2026-09-08_15h39.02.597,adaptive_staircase,,2026.2.3,60.0241747,2026-09-08 15h39.02.629025 +0530
54,0.5,2.5,58.0758553,,,58.0592859,58.0758553,58.5591491,58.5591491,58.5757946,58.8590658,58.8760162,right,2.5,0,0,0.30204721,Participant 1,1,2026-09-08_15h39.02.597,adaptive_staircase,,2026.2.3,60.0241747,2026-09-08 15h39.02.629025 +0530
55,0.5,3,58.8925202,,,58.8760371,58.8925202,59.3758336,59.3758336,59.3924633,59.675748,59.7592506,left,-3,1,1,0.37633038,Participant 1,1,2026-09-08_15h39.02.597,adaptive_staircase,,2026.2.3,60.0241747,2026-09-08 15h39.02.629025 +0530
56,0.5,3,59.775858,,,59.7592701,59.775858,60.2592507,60.2592507,60.275799,60.5591232,60.7592874,left,-3,1,1,0.49088667,Participant 1,1,2026-09-08_15h39.02.597,adaptive_staircase,,2026.2.3,60.0241747,2026-09-08 15h39.02.629025 +0530
57,0.5,3,60.7757627,,,60.759307,60.7757627,61.2590601,61.2590601,61.2757047,61.5590443,62.00925,left,-3,1,1,0.74004558,Participant 1,1,2026-09-08_15h39.02.597,adaptive_staircase,,2026.2.3,60.0241747,2026-09-08 15h39.02.629025 +0530
58,0.5,2.5,62.0257321,,,62.009272,62.0257321,62.5092481,62.5092481,62.5256607,62.8091835,63.2091833,left,-2.5,1,1,0.69583017,Participant 1,1,2026-09-08_15h39.02.597,adaptive_staircase,,2026.2.3,60.0241747,2026-09-08 15h39.02.629025 +0530
59,0.5,2.5,63.2258123,,,63.2092112,63.2258123,63.7089789,63.7089789,63.7257792,64.0090696,64.2593924,left,-2.5,1,1,0.53603283,Participant 1,1,2026-09-08_15h39.02.597,adaptive_staircase,,2026.2.3,60.0241747,2026-09-08 15h39.02.629025 +0530
60,0.5,2.5,64.275785,,,64.2594283,64.275785,64.7590807,64.7590807,64.7757316,65.0590363,65.2260492,right,2.5,1,1,0.45290421,Participant 1,1,2026-09-08_15h39.02.597,adaptive_staircase,,2026.2.3,60.0241747,2026-09-08 15h39.02.629025 +0530
61,0.5,2,65.2424094,,,65.2260785,65.2424094,65.7256077,65.7256077,65.7423589,66.0256932,66.359198,right,2,1,1,0.62035029,Participant 1,1,2026-09-08_15h39.02.597,adaptive_staircase,,2026.2.3,60.0241747,2026-09-08 15h39.02.629025 +0530
62,0.5,2,66.375691,,,66.3592207,66.375691,66.8591876,66.8591876,66.8758451,67.1591227,67.3258971,right,2,1,1,0.46579712,Participant 1,1,2026-09-08_15h39.02.597,adaptive_staircase,,2026.2.3,60.0241747,2026-09-08 15h39.02.629025 +0530
63,0.5,2,67.3423854,,,67.3259178,67.3423854,67.8258656,67.8258656,67.8424776,68.1257868,68.2592807,right,2,1,1,0.42704496,Participant 1,1,2026-09-08_15h39.02.597,adaptive_staircase,,2026.2.3,60.0241747,2026-09-08 15h39.02.629025 +0530
64,0.5,1.5,68.2757326,,,68.2593053,68.2757326,68.7590498,68.7590498,68.7756951,69.0590026,69.5923838,right,1.5,1,1,0.81681129,Participant 1,1,2026-09-08_15h39.02.597,adaptive_staircase,,2026.2.3,60.0241747,2026-09-08 15h39.02.629025 +0530
65,0.5,1.5,69.6089773,,,69.5924069,69.6089773,70.0923257,70.0923257,70.108946,70.3922859,70.4925087,right,1.5,1,1,0.38349987,Participant 1,1,2026-09-08_15h39.02.597,adaptive_staircase,,2026.2.3,60.0241747,2026-09-08 15h39.02.629025 +0530
66,0.5,1.5,70.5089591,,,70.4925287,70.5089591,70.9925112,70.9925112,71.0089841,71.2924589,71.6091656,right,1.5,1,1,0.61130463,Participant 1,1,2026-09-08_15h39.02.597,adaptive_staircase,,2026.2.3,60.0241747,2026-09-08 15h39.02.629025 +0530
67,0.5,1,71.6258132,,,71.609187,71.6258132,72.1089678,72.1089678,72.1255262,72.4090543,72.60906,right,1,1,1,0.49893354,Participant 1,1,2026-09-08_15h39.02.597,adaptive_staircase,,2026.2.3,60.0241747,2026-09-08 15h39.02.629025 +0530
68,0.5,1,72.6257089,,,72.6090804,72.6257089,73.1088717,73.1088717,73.125562,73.4089493,73.6590085,left,-1,1,1,0.53387558,Participant 1,1,2026-09-08_15h39.02.597,adaptive_staircase,,2026.2.3,60.0241747,2026-09-08 15h39.02.629025 +0530
69,0.5,1,73.6756347,,,73.6590284,73.6756347,74.1589474,74.1589474,74.1755929,74.4588889,74.725815,right,1,1,1,0.55875296,Participant 1,1,2026-09-08_15h39.02.597,adaptive_staircase,,2026.2.3,60.0241747,2026-09-08 15h39.02.629025 +0530
70,0.5,1,74.7422359,,,74.725836,74.7422359,75.2257674,75.2257674,75.2423708,75.5257034,75.8260227,left,-1,1,1,0.59589629,Participant 1,1,2026-09-08_15h39.02.597,adaptive_staircase,,2026.2.3,60.0241747,2026-09-08 15h39.02.629025 +0530
71,0.5,1,75.8424037,,,75.8260424,75.8424037,76.3254884,76.3254884,76.342347,76.6255763,77.0591017,right,1,1,1,0.73014029,Participant 1,1,2026-09-08_15h39.02.597,adaptive_staircase,,2026.2.3,60.0241747,2026-09-08 15h39.02.629025 +0530
72,0.5,1,77.0755858,,,77.0591211,77.0755858,77.5588815,77.5588815,77.5755205,77.858836,78.3423339,left,-1,0,0,0.78172425,Participant 1,1,2026-09-08_15h39.02.597,adaptive_staircase,,2026.2.3,60.0241747,2026-09-08 15h39.02.629025 +0530
73,0.5,1.5,78.3589535,,,78.342355,78.3589535,78.8422769,78.8422769,78.8589033,79.1422278,79.3590698,right,1.5,1,1,0.51637833,Participant 1,1,2026-09-08_15h39.02.597,adaptive_staircase,,2026.2.3,60.0241747,2026-09-08 15h39.02.629025 +0530
74,0.5,1.5,79.3757231,,,79.3590915,79.3757231,79.8589989,79.8589989,79.8756282,80.1589569,80.3591639,right,1.5,1,1,0.48852683,Participant 1,1,2026-09-08_15h39.02.597,adaptive_staircase,,2026.2.3,60.0241747,2026-09-08 15h39.02.629025 +0530
75,0.5,1.5,80.375602,,,80.3592016,80.375602,80.858921,80.858921,80.8755511,81.159002,81.4257657,left,-1.5,1,1,0.56660233,Participant 1,1,2026-09-08_15h39.02.597,adaptive_staircase,,2026.2.3,60.0241747,2026-09-08 15h39.02.629025 +0530
76,0.5,1,81.4423287,,,81.4257932,81.4423287,81.9255133,81.9255133,81.9422586,82.225429,82.4923814,right,1,1,1,0.56599008,Participant 1,1,2026-09-08_15h39.02.597,adaptive_staircase,,2026.2.3,60.0241747,2026-09-08 15h39.02.629025 +0530
77,0.5,1,82.508889,,,82.4924045,82.508889,82.9922105,82.9922105,83.0088188,83.292167,83.5089455,left,-1,1,1,0.50022838,Participant 1,1,2026-09-08_15h39.02.597,adaptive_staircase,,2026.2.3,60.0241747,2026-09-08 15h39.02.629025 +0530
78,0.5,1,83.5256035,,,83.5089669,83.5256035,84.0089255,84.0089255,84.0256079,84.3088995,84.3591202,left,-1,0,0,0.33747717,Participant 1,1,2026-09-08_15h39.02.597,adaptive_staircase,,2026.2.3,60.0241747,2026-09-08 15h39.02.629025 +0530
79,0.5,1.5,84.3755593,,,84.3591409,84.3755593,84.8588802,84.8588802,84.8755398,85.1588055,85.3590857,left,-1.5,0,0,0.49649917,Participant 1,1,2026-09-08_15h39.02.597,adaptive_staircase,,2026.2.3,60.0241747,2026-09-08 15h39.02.629025 +0530
80,0.5,2,85.3756512,,,85.3591067,85.3756512,85.8587627,85.8587627,85.875408,86.1588609,87.9091684,left,-2,1,1,2.04253633,Participant 1,1,2026-09-08_15h39.02.597,adaptive_staircase,,2026.2.3,60.0241747,2026-09-08 15h39.02.629025 +0530
81,0.5,2,87.9256532,,,87.9091907,87.9256532,88.408962,88.408962,88.4255892,88.7088804,88.825656,right,2,1,1,0.41430671,Participant 1,1,2026-09-08_15h39.02.597,adaptive_staircase,,2026.2.3,60.0241747,2026-09-08 15h39.02.629025 +0530
82,0.5,2,88.8422275,,,88.8256757,88.8422275,89.3255776,89.3255776,89.3421685,89.6254841,89.7922307,right,2,1,1,0.45073071,Participant 1,1,2026-09-08_15h39.02.597,adaptive_staircase,,2026.2.3,60.0241747,2026-09-08 15h39.02.629025 +0530
83,0.5,1.5,89.808846,,,89.7922538,89.808846,90.2921861,90.2921861,90.3088071,90.5921182,90.9589368,left,-1.5,1,1,0.65801954,Participant 1,1,2026-09-08_15h39.02.597,adaptive_staircase,,2026.2.3,60.0241747,2026-09-08 15h39.02.629025 +0530
84,0.5,1.5,90.9755392,,,90.9589569,90.9755392,91.458685,91.458685,91.4755029,91.7587891,92.0088212,left,-1.5,1,1,0.5454805,Participant 1,1,2026-09-08_15h39.02.597,adaptive_staircase,,2026.2.3,60.0241747,2026-09-08 15h39.02.629025 +0530
85,0.5,1.5,92.025331,,,92.0088416,92.025331,92.5088287,92.5088287,92.5256601,92.8087537,93.0423709,right,1.5,1,1,0.51828808,Participant 1,1,2026-09-08_15h39.02.597,adaptive_staircase,,2026.2.3,60.0241747,2026-09-08 15h39.02.629025 +0530
86,0.5,1,93.0586851,,,93.0423922,93.0586851,93.5421419,93.5421419,93.5588017,93.8421164,94.2422796,left,-1,1,1,0.68695004,Participant 1,1,2026-09-08_15h39.02.597,adaptive_staircase,,2026.2.3,60.0241747,2026-09-08 15h39.02.629025 +0530
87,0.5,1,94.2587621,,,94.2422989,94.2587621,94.7420569,94.7420569,94.7587316,95.0420076,95.2922245,right,1,1,1,0.54100483,Participant 1,1,2026-09-08_15h39.02.597,adaptive_staircase,,2026.2.3,60.0241747,2026-09-08 15h39.02.629025 +0530
88,0.5,1,95.3087081,,,95.2922439,95.3087081,95.7920282,95.7920282,95.8086457,96.0921183,96.2422559,right,1,1,1,0.44099096,Participant 1,1,2026-09-08_15h39.02.597,adaptive_staircase,,2026.2.3,60.0241747,2026-09-08 15h39.02.629025 +0530
89,0.5,1,96.2587051,,,96.2422772,96.2587051,96.7420635,96.7420635,96.7588558,97.042186,97.1754248,right,1,1,1,0.42994687,Participant 1,1,2026-09-08_15h39.02.597,adaptive_staircase,,2026.2.3,60.0241747,2026-09-08 15h39.02.629025 +0530
90,0.5,1,97.1921406,,,97.1754438,97.1921406,97.6754687,97.6754687,97.6921158,97.975423,98.1755745,left,-1,1,1,0.48556217,Participant 1,1,2026-09-08_15h39.02.597,adaptive_staircase,,2026.2.3,60.0241747,2026-09-08 15h39.02.629025 +0530
91,0.5,1,98.1920605,,,98.1755949,98.1920605,98.6753853,98.6753853,98.6921716,98.975309,99.3755462,left,-1,1,1,0.69754933,Participant 1,1,2026-09-08_15h39.02.597,adaptive_staircase,,2026.2.3,60.0241747,2026-09-08 15h39.02.629025 +0530
92,0.5,1,99.3921187,,,99.3755672,99.3921187,99.8752843,99.8752843,99.8920727,100.175405,100.30874,right,1,1,1,0.43161346,Participant 1,1,2026-09-08_15h39.02.597,adaptive_staircase,,2026.2.3,60.0241747,2026-09-08 15h39.02.629025 +0530
93,0.5,1,100.325375,,,100.30876,100.325375,100.80889,100.80889,100.825539,101.108825,101.308996,left,-1,1,1,0.48997671,Participant 1,1,2026-09-08_15h39.02.597,adaptive_staircase,,2026.2.3,60.0241747,2026-09-08 15h39.02.629025 +0530
94,0.5,1,101.325469,,,101.309016,101.325469,101.808784,101.808784,101.825422,102.108705,102.225465,right,1,1,1,0.41505475,Participant 1,1,2026-09-08_15h39.02.597,adaptive_staircase,,2026.2.3,60.0241747,2026-09-08 15h39.02.629025 +0530
95,0.5,1,102.24206,,,102.225485,102.24206,102.725405,102.725405,102.74202,103.025343,103.225494,right,1,1,1,0.49438533,Participant 1,1,2026-09-08_15h39.02.597,adaptive_staircase,,2026.2.3,60.0241747,2026-09-08 15h39.02.629025 +0530
96,0.5,1,103.24194,,,103.225513,103.24194,103.725317,103.725317,103.74192,104.025408,104.192152,right,1,1,1,0.46147025,Participant 1,1,2026-09-08_15h39.02.597,adaptive_staircase,,2026.2.3,60.0241747,2026-09-08 15h39.02.629025 +0530
97,0.5,1,104.20861,,,104.192171,104.20861,104.691965,104.691965,104.708554,104.992036,105.108949,left,-1,1,1,0.40378146,Participant 1,1,2026-09-08_15h39.02.597,adaptive_staircase,,2026.2.3,60.0241747,2026-09-08 15h39.02.629025 +0530
98,0.5,1,105.12544,,,105.108968,105.12544,105.608746,105.608746,105.625387,105.908685,106.275497,left,-1,1,1,0.66600229,Participant 1,1,2026-09-08_15h39.02.597,adaptive_staircase,,2026.2.3,60.0241747,2026-09-08 15h39.02.629025 +0530
99,0.5,1,106.292077,,,106.275517,106.292077,106.775402,106.775402,106.792043,107.075346,107.175595,right,1,1,1,0.38526646,Participant 1,1,2026-09-08_15h39.02.597,adaptive_staircase,,2026.2.3,60.0241747,2026-09-08 15h39.02.629025 +0530